File,Language,Corpus,Code,Age,Sex,Group,Race,SES,Role,Education,Custom_field,Types,Tokens,TTR,D_optimum_values 1,D_optimum_values 2,D_optimum_values 3,D_optimum_average
alma-a1-nsb,spa,alma,CHI,1;,female,NSB,.,.,Target_Child,.,.,.,.,.,.,.,.,.
alma-a1-nsb,spa,alma,MOT,28;,female,NSB,.,.,Mother,.,.,132,802,0.165,37.73,36.88,36.79,37.13
alma-a1-nsb,spa,alma,FAT,30;,male,NSB,.,.,Father,.,.,267,1509,0.177,60.14,58.75,59.63,59.51
alma-a1-nsb,spa,alma,MUJ,40;,female,NSB,.,.,Adult,.,.,.,.,.,.,.,.,.
alma-a1-nsb,spa,alma,NIN,3;,female,NSB,.,.,Girl,.,.,.,.,.,.,.,.,.
amadeol-a1-nsm,spa,change_corpus_later,HO2,.,male,.,.,.,Male,.,.,.,.,.,.,.,.,.
amadeol-a1-nsm,spa,change_corpus_later,HOM,.,male,.,.,.,Male,.,.,.,.,.,.,.,.,.
amadeol-a1-nsm,spa,change_corpus_later,NIN,.,.,.,.,.,Child,.,.,.,.,.,.,.,.,.
amadeol-a1-nsm,spa,change_corpus_later,CLA,.,female,.,.,.,Female,.,.,37,58,0.638,34.95,35.19,35.2,35.11
amadeol-a1-nsm,spa,change_corpus_later,MUJ,.,female,.,.,.,Female,.,.,.,.,.,.,.,.,.
amadeol-a1-nsm,spa,change_corpus_later,HO1,.,male,.,.,.,Male,.,.,.,.,.,.,.,.,.
amadeol-a1-nsm,spa,change_corpus_later,FAT,.,female,.,.,.,Father,.,.,29,73,0.397,10.06,10.12,10.12,10.1
amadeol-a1-nsm,spa,change_corpus_later,MOT,.,female,.,.,.,Mother,.,.,264,1810,0.146,53.91,53.67,53.56,53.71
amadeol-a1-nsm,spa,change_corpus_later,CHI,1;2.,male,.,.,.,Target_Child,.,.,.,.,.,.,.,.,.
amanday-a1-nsb,spa,esp,NIN,.,female,NSB,.,.,Child,.,.,.,.,.,.,.,.,.
amanday-a1-nsb,spa,esp,TIA,.,female,NSB,.,.,Aunt,.,.,44,79,0.557,26.79,26.72,26.56,26.69
amanday-a1-nsb,spa,esp,HOM,.,male,NSB,.,.,Male,.,.,.,.,.,.,.,.,.
amanday-a1-nsb,spa,esp,TIO,.,male,NSB,.,.,Uncle,.,.,.,.,.,.,.,.,.
amanday-a1-nsb,spa,esp,MUJ,.,female,NSB,.,.,Female,.,.,.,.,.,.,.,.,.
amanday-a1-nsb,spa,esp,ABO,.,male,NSB,.,.,Grandfather,.,.,101,235,0.43,62.09,62.54,62.4,62.34
amanday-a1-nsb,spa,esp,ABA,.,female,NSB,.,.,Grandmother,.,.,210,1096,0.192,43.1,43.07,42.54,42.9
amanday-a1-nsb,spa,esp,MOT,.,female,NSB,.,.,Mother,.,.,71,146,0.486,33.48,33.27,33.5,33.42
amanday-a1-nsb,spa,esp,CHI,1;7.,.,NSB,.,.,Target_Child,.,.,.,.,.,.,.,.,.
amparol-a1-nsb,spa,esp,CHI,1;0.5,female,NSB,.,.,Target_Child,.,.,.,.,.,.,.,.,.
amparol-a1-nsb,spa,esp,MOT,.,female,NSB,.,.,Mother,.,.,97,275,0.353,42.57,43.49,43.25,43.1
amparol-a1-nsb,spa,esp,FAT,.,male,NSB,.,.,Father,.,.,27,53,0.509,15.59,15.55,15.59,15.58
amparol-a1-nsb,spa,esp,SIS,5;,female,NSB,.,.,Sister,.,.,.,.,.,.,.,.,.
amparol-a1-nsb,spa,esp,ANT,.,female,NSB,.,.,Aunt,.,.,62,169,0.367,24.92,25.19,25.08,25.06
amparol-a1-nsb,spa,esp,UNC,.,male,NSB,.,.,Uncle,.,.,.,.,.,.,.,.,.
amparol-a1-nsb,spa,esp,MUJ,.,female,NSB,.,.,Adult,.,.,.,.,.,.,.,.,.
amparol-a1-nsb,spa,esp,MU3,.,female,NSB,.,.,Adult,.,.,.,.,.,.,.,.,.
amparol-a1-nsb,spa,esp,HOM,.,male,NSB,.,.,Adult,.,.,.,.,.,.,.,.,.
amparol-a1-nsb,spa,esp,BRO,2;5.,male,NSB,.,.,Brother,.,.,.,.,.,.,.,.,.
amparol-a1-nsb,spa,esp,BEB,.,male,NSB,.,.,Child,.,.,.,.,.,.,.,.,.
amparol-a1-nsb,spa,esp,PRI,4;,female,NSB,.,.,Cousin,.,.,.,.,.,.,.,.,.
amparol-a1-nsb,spa,esp,HE1,.,.,.,.,.,Unidentified,.,.,.,.,.,.,.,.,.
angelinap-a1-nsm,spa,esp,CHI,1;7.,female,NSM,.,.,Target_Child,.,.,.,.,.,.,.,.,.
angelinap-a1-nsm,spa,esp,MOT,40;0.,female,NSM,.,.,Mother,.,.,137,951,0.144,37.13,36.92,36.68,36.91
angelinap-a1-nsm,spa,esp,SIS,10;0.,female,NSM,.,.,Sister,.,.,44,67,0.657,48.6,48.25,49.06,48.63
angelinap-a1-nsm,spa,esp,GMA,80;0.,female,NSM,.,.,Grandmother,.,.,.,.,.,.,.,.,.
angelinap-a1-nsm,spa,esp,UNC,40;0.,male,NSM,.,.,Uncle,.,.,.,.,.,.,.,.,.
angelinap-a1-nsm,spa,esp,MUJ,40;0.,female,NSM,.,.,Adult,.,.,.,.,.,.,.,.,.
pooled,.,.,*SIL:,.,.,.,.,.,.,.,.,.,.,.,.,.,.,
biancak-a1-nsb,spa,change_corpus_later,CHI,.,female,NSB,.,.,Target_Child,.,.,.,.,.,.,.,.,.
biancak-a1-nsb,spa,change_corpus_later,MOT,.,.,NSB,.,.,Mother,.,.,99,284,0.349,46.77,47.47,47.24,47.16
biancak-a1-nsb,spa,change_corpus_later,ABU,.,.,.,.,.,Grandmother,.,.,.,.,.,.,.,.,.
biancak-a1-nsb,spa,change_corpus_later,NIN,.,.,.,.,.,Child,.,.,48,104,0.462,21.63,21.51,21.33,21.49
biancak-a1-nsb,spa,change_corpus_later,BEB,.,.,.,.,.,Child,.,.,46,102,0.451,16.47,16.84,16.72,16.68
biancak-a1-nsb,spa,change_corpus_later,MUJ,.,female,.,.,.,Adult,.,.,47,82,0.573,40.25,40.43,40.12,40.27
biancak-a1-nsb,spa,change_corpus_later,HOM,.,male,.,.,.,Adult,.,.,.,.,.,.,.,.,.
biancak-a1-nsb,spa,change_corpus_later,RAM,.,male,.,.,.,Adult,.,.,.,.,.,.,.,.,.
biancak-a1-nsb,spa,change_corpus_later,OBS,.,.,.,.,.,Observer,.,.,.,.,.,.,.,.,.
pooled,.,.,*NN:,.,.,.,.,.,.,.,.,.,.,.,.,.,.,
camilam-a1-nsm,spa,esp,CHI,1;6.,female,NSM,.,.,Target_Child,middle,.,.,.,.,.,.,.,.
camilam-a1-nsm,spa,esp,MOT,25;,female,NSM,.,.,Mother,.,.,327,2591,0.126,48.34,49.04,47.38,48.25
camilam-a1-nsm,spa,esp,FAT,27;,male,NSM,.,.,Father,.,.,.,.,.,.,.,.,.
pooled,.,.,*SIL:,.,.,.,.,.,.,.,.,.,.,.,.,.,.,
camilop-a1-nsb,spa,esp,CHI,0;10.,male,NSB,.,.,Target_Child,middle,.,.,.,.,.,.,.,.
camilop-a1-nsb,spa,esp,MOT,.,female,NSB,.,.,Mother,.,.,101,281,0.359,39.94,39.98,40.35,40.09
camilop-a1-nsb,spa,esp,FAT,.,male,NSB,.,.,Father,.,.,.,.,.,.,.,.,.
camilop-a1-nsb,spa,esp,HOM,.,male,NSB,.,.,Adult,.,.,.,.,.,.,.,.,.
camilop-a1-nsb,spa,esp,MUJ,.,female,NSB,.,.,Adult,.,.,.,.,.,.,.,.,.
camilop-a1-nsb,spa,esp,NIN,.,male,NSB,.,.,Child,.,.,.,.,.,.,.,.,.
pooled,.,.,*SIL:,.,.,.,.,.,.,.,.,.,.,.,.,.,.,
catalinap-a1-nsm,spa,change_corpus_later,HO4,.,male,.,.,.,Male,.,.,.,.,.,.,.,.,.
catalinap-a1-nsm,spa,change_corpus_later,MUJ,.,female,.,.,.,Female,.,.,.,.,.,.,.,.,.
catalinap-a1-nsm,spa,change_corpus_later,NIN,.,.,.,.,.,Child,.,.,.,.,.,.,.,.,.
catalinap-a1-nsm,spa,change_corpus_later,CHI,1;03.,female,.,.,.,Target_Child,.,.,.,.,.,.,.,.,.
catalinap-a1-nsm,spa,change_corpus_later,MAT,.,male,.,.,.,Brother,.,.,46,97,0.474,30.59,29.72,30.23,30.18
catalinap-a1-nsm,spa,change_corpus_later,BRO,.,male,.,.,.,Brother,.,.,.,.,.,.,.,.,.
catalinap-a1-nsm,spa,change_corpus_later,HO1,.,male,.,.,.,Male,.,.,.,.,.,.,.,.,.
catalinap-a1-nsm,spa,change_corpus_later,HO3,.,male,.,.,.,Male,.,.,.,.,.,.,.,.,.
catalinap-a1-nsm,spa,change_corpus_later,HOM,.,male,.,.,.,Male,.,.,.,.,.,.,.,.,.
catalinap-a1-nsm,spa,change_corpus_later,MAE,.,female,.,.,.,Teacher,.,.,.,.,.,.,.,.,.
catalinap-a1-nsm,spa,change_corpus_later,MOT,.,female,.,.,.,Mother,.,.,153,961,0.159,28.04,28.23,28.72,28.33
catalinap-a1-nsm,spa,change_corpus_later,HO2,.,male,.,.,.,Male,.,.,.,.,.,.,.,.,.
cielor-a1-nsb,spa,change_corpus_later,NIN,.,female,.,.,.,Child,.,.,.,.,.,.,.,.,.
cielor-a1-nsb,spa,change_corpus_later,ANT,.,female,.,.,.,Relative,.,.,.,.,.,.,.,.,.
cielor-a1-nsb,spa,change_corpus_later,ABU,.,male,.,.,.,Grandfather,.,.,.,.,.,.,.,.,.
cielor-a1-nsb,spa,change_corpus_later,SIS,.,female,.,.,.,Sister,.,.,.,.,.,.,.,.,.
cielor-a1-nsb,spa,change_corpus_later,MOT,.,female,.,.,.,Mother,.,.,102,229,0.445,62.83,63.23,62.45,62.84
cielor-a1-nsb,spa,change_corpus_later,CHI,0;08.,female,.,.,.,Target_Child,.,.,.,.,.,.,.,.,.
cielor-a1-nsb,spa,change_corpus_later,MUJ,.,female,.,.,.,Female,.,.,39,58,0.672,41.69,41.56,41.69,41.65
dantec-a1-nsm,spa,esp,CHI,0;09.,male,NSM,.,.,Target_Child,middle,.,.,.,.,.,.,.,.
dantec-a1-nsm,spa,esp,MOT,.,female,NSM,.,.,Mother,.,.,160,587,0.273,43.08,42.45,42.12,42.55
dantec-a1-nsm,spa,esp,FAT,.,male,NSM,.,.,Father,.,.,121,476,0.254,38.45,38.73,38.18,38.45
dantec-a1-nsm,spa,esp,BRO,15;00.,male,NSM,.,.,Brother,.,.,64,127,0.504,27.78,27.02,27.56,27.45
dantec-a1-nsm,spa,esp,SAL,15;00.,male,NSM,.,.,Child,.,.,.,.,.,.,.,.,.
dantec-a1-nsm,spa,esp,NID,15;00.,male,NSM,.,.,Unidentified,.,.,.,.,.,.,.,.,.
pooled,.,.,*SIL:,.,.,.,.,.,.,.,.,.,.,.,.,.,.,
dantep-a1-nsm,spa,Dante,CHI,0;8.,male,.,.,.,Target_Child,.,.,.,.,.,.,.,.,.
dantep-a1-nsm,spa,Dante,MAM,33;,female,.,.,.,Mother,universitaria,.,390,2287,0.171,57.48,58.39,56.89,57.59
dantep-a1-nsm,spa,Dante,PAP,35;,male,.,.,.,Father,universitaria,.,59,143,0.413,28.52,28.78,29.01,28.77
dantep-a1-nsm,spa,Dante,LUL,33;,female,.,.,.,Adult,.,.,.,.,.,.,.,.,.
pooled,.,.,*CH:,.,.,.,.,.,.,.,.,.,.,.,.,.,.,
pooled,.,.,*SIL:,.,.,.,.,.,.,.,.,.,.,.,.,.,.,
demianm-a1-nsb,spa,change_corpus_later,NIO,.,male,.,.,.,Child,.,.,.,.,.,.,.,.,.
demianm-a1-nsb,spa,change_corpus_later,NI3,.,male,.,.,.,Child,.,.,.,.,.,.,.,.,.
demianm-a1-nsb,spa,change_corpus_later,NI2,.,male,.,.,.,Child,.,.,.,.,.,.,.,.,.
demianm-a1-nsb,spa,change_corpus_later,NIA,.,female,.,.,.,Child,.,.,.,.,.,.,.,.,.
demianm-a1-nsb,spa,change_corpus_later,NIN,.,female,.,.,.,Child,.,.,.,.,.,.,.,.,.
demianm-a1-nsb,spa,change_corpus_later,ABA,.,female,.,.,.,Grandmother,.,.,40,80,0.5,24.22,24.72,24.56,24.5
demianm-a1-nsb,spa,change_corpus_later,MUJ,.,female,.,.,.,Female,.,.,.,.,.,.,.,.,.
demianm-a1-nsb,spa,change_corpus_later,BRO,.,male,.,.,.,Brother,.,.,.,.,.,.,.,.,.
demianm-a1-nsb,spa,change_corpus_later,HOM,.,male,.,.,.,Male,.,.,.,.,.,.,.,.,.
demianm-a1-nsb,spa,change_corpus_later,MOT,.,female,.,.,.,Mother,.,.,80,397,0.202,27.1,27.65,26.62,27.13
demianm-a1-nsb,spa,change_corpus_later,CHI,1;01.,.,.,.,.,Target_Child,.,.,.,.,.,.,.,.,.
dianag-a1-nsb,spa,esp,CHI,2;4.,female,NSB,.,.,Target_Child,.,.,.,.,.,.,.,.,.
dianag-a1-nsb,spa,esp,MOT,.,female,.,.,.,Mother,.,.,80,194,0.412,40.61,41.05,41.14,40.93
dianag-a1-nsb,spa,esp,GMA,.,female,.,.,.,Grandmother,.,.,84,237,0.354,34.44,33.77,34.13,34.11
dianag-a1-nsb,spa,esp,UNC,.,male,.,.,.,Uncle,.,.,73,202,0.361,34.14,34.53,34.34,34.34
dianag-a1-nsb,spa,esp,NH1,.,male,.,.,.,Cousin,.,.,72,160,0.45,34.36,34.76,34.67,34.6
dianag-a1-nsb,spa,esp,NH2,.,male,.,.,.,Cousin,.,.,.,.,.,.,.,.,.
dianag-a1-nsb,spa,esp,NH3,.,male,.,.,.,Child,.,.,.,.,.,.,.,.,.
dianag-a1-nsb,spa,esp,NH4,.,male,.,.,.,Child,.,.,.,.,.,.,.,.,.
dianag-a1-nsb,spa,esp,NM1,.,female,.,.,.,Cousin,.,.,58,175,0.331,22.66,22.94,22.99,22.86
dianag-a1-nsb,spa,esp,NM2,.,female,.,.,.,Child,.,.,.,.,.,.,.,.,.
dianag-a1-nsb,spa,esp,NM3,.,female,.,.,.,Child,.,.,.,.,.,.,.,.,.
dianag-a1-nsb,spa,esp,MA1,.,female,.,.,.,Aunt,.,.,.,.,.,.,.,.,.
dianag-a1-nsb,spa,esp,MA2,.,female,.,.,.,Adult,.,.,.,.,.,.,.,.,.
dianag-a1-nsb,spa,esp,MA3,.,female,.,.,.,Adult,.,.,.,.,.,.,.,.,.
dianag-a1-nsb,spa,esp,MA4,.,female,.,.,.,Adult,.,.,38,69,0.551,26.93,26.96,26.97,26.95
dianag-a1-nsb,spa,esp,HA1,.,male,.,.,.,Adult,.,.,.,.,.,.,.,.,.
dianag-a1-nsb,spa,esp,ADU,.,.,.,.,.,Adult,.,.,.,.,.,.,.,.,.
pooled,.,.,*SIL:,.,.,.,.,.,.,.,.,.,.,.,.,.,.,
donatow-a1-nsm,spa,change_corpus_later,MU2,.,female,.,.,.,Female,.,.,.,.,.,.,.,.,.
donatow-a1-nsm,spa,change_corpus_later,MU3,.,female,.,.,.,Female,.,.,.,.,.,.,.,.,.
donatow-a1-nsm,spa,change_corpus_later,MUJ,.,female,.,.,.,Female,.,.,.,.,.,.,.,.,.
donatow-a1-nsm,spa,change_corpus_later,NIA,.,female,.,.,.,Child,.,.,.,.,.,.,.,.,.
donatow-a1-nsm,spa,change_corpus_later,NIN,.,male,.,.,.,Child,.,.,.,.,.,.,.,.,.
donatow-a1-nsm,spa,change_corpus_later,HOM,.,male,.,.,.,Male,.,.,.,.,.,.,.,.,.
donatow-a1-nsm,spa,change_corpus_later,ANI,.,.,.,.,.,Female,.,.,.,.,.,.,.,.,.
donatow-a1-nsm,spa,change_corpus_later,ALB,.,male,.,.,.,Male,.,.,.,.,.,.,.,.,.
donatow-a1-nsm,spa,change_corpus_later,MOT,.,female,.,.,.,Mother,.,.,248,1014,0.245,54.5,53.86,53.51,53.96
donatow-a1-nsm,spa,change_corpus_later,CHI,0;8.,male,.,.,.,Target_Child,.,.,.,.,.,.,.,.,.
facundoa-a1-nsm,spa,change_corpus_later,FAT,.,male,.,.,.,Father,.,.,227,1334,0.17,44.34,44.83,44.87,44.68
facundoa-a1-nsm,spa,change_corpus_later,MOT,.,female,.,.,.,Mother,.,.,103,323,0.319,45.69,45.96,45.38,45.68
facundoa-a1-nsm,spa,change_corpus_later,CHI,1;08.,male,.,.,.,Target_Child,.,.,.,.,.,.,.,.,.
francescal-a1-nsm,spa,change_corpus_later,HO5,.,male,.,.,.,Male,.,.,.,.,.,.,.,.,.
francescal-a1-nsm,spa,change_corpus_later,NI2,.,male,.,.,.,Cousin,.,.,.,.,.,.,.,.,.
francescal-a1-nsm,spa,change_corpus_later,HO2,.,male,.,.,.,Male,.,.,.,.,.,.,.,.,.
francescal-a1-nsm,spa,change_corpus_later,HO4,.,male,.,.,.,Male,.,.,.,.,.,.,.,.,.
francescal-a1-nsm,spa,change_corpus_later,HO3,.,male,.,.,.,Male,.,.,.,.,.,.,.,.,.
francescal-a1-nsm,spa,change_corpus_later,MU7,.,female,.,.,.,Female,.,.,.,.,.,.,.,.,.
francescal-a1-nsm,spa,change_corpus_later,UNC,.,male,.,.,.,Uncle,.,.,62,128,0.484,32.13,32.23,31.76,32.04
francescal-a1-nsm,spa,change_corpus_later,MU4,.,female,.,.,.,Female,.,.,.,.,.,.,.,.,.
francescal-a1-nsm,spa,change_corpus_later,MU3,.,female,.,.,.,Female,.,.,70,155,0.452,33.72,33.24,33.58,33.51
francescal-a1-nsm,spa,change_corpus_later,NIO,.,male,.,.,.,Cousin,.,.,42,87,0.483,30.59,30.66,30.33,30.52
francescal-a1-nsm,spa,change_corpus_later,MU2,.,female,.,.,.,Female,.,.,48,79,0.608,38.55,38.54,38.69,38.6
francescal-a1-nsm,spa,change_corpus_later,MU1,.,female,.,.,.,Aunt,.,.,54,120,0.45,30.07,30.43,30.21,30.23
francescal-a1-nsm,spa,change_corpus_later,MUJ,.,female,.,.,.,Female,.,.,.,.,.,.,.,.,.
francescal-a1-nsm,spa,change_corpus_later,NIN,.,male,.,.,.,Child,.,.,.,.,.,.,.,.,.
francescal-a1-nsm,spa,change_corpus_later,GMP,.,male,.,.,.,Grandfather,.,.,61,166,0.367,26.44,26.34,26.01,26.26
francescal-a1-nsm,spa,change_corpus_later,HOM,.,male,.,.,.,Male,.,.,.,.,.,.,.,.,.
francescal-a1-nsm,spa,change_corpus_later,FAT,.,male,.,.,.,Father,.,.,80,211,0.379,40.28,40.31,40.71,40.43
francescal-a1-nsm,spa,change_corpus_later,MOT,.,female,.,.,.,Mother,.,.,131,471,0.278,40.29,40.69,40.44,40.48
francescal-a1-nsm,spa,change_corpus_later,CHI,0;11.14,female,.,.,.,Target_Child,.,.,.,.,.,.,.,.,.
francescam-a1-nsm,spa,change_corpus_later,CHI,1;,female,.,.,.,Target_Child,.,.,.,.,.,.,.,.,.
francescam-a1-nsm,spa,change_corpus_later,MOT,.,female,.,.,.,Mother,.,.,170,528,0.322,52.32,53.35,51.83,52.5
francescam-a1-nsm,spa,change_corpus_later,FAT,.,female,.,.,.,Father,.,.,138,593,0.233,43.16,43.26,43.19,43.2
pooled,.,.,*BRO:,.,.,.,.,.,.,.,.,.,.,.,.,.,.,
franciscoa-a1-nsb,spa,esp,ADO,.,male,.,.,.,Teenager,.,.,.,.,.,.,.,.,.
franciscoa-a1-nsb,spa,esp,MUJ,.,female,NSB,.,.,Female,.,.,.,.,.,.,.,.,.
franciscoa-a1-nsb,spa,esp,MOT,.,female,NSB,.,.,Mother,.,.,67,167,0.401,28.64,28.62,28.76,28.67
franciscoa-a1-nsb,spa,esp,CHI,0;9.0,male,NSB,.,.,Target_Child,.,.,.,.,.,.,.,.,.
franciscop-a1-nsb,spa,spa,MOT,28;0.0,female,NSB,.,.,Mother,.,.,105,352,0.298,34.58,34.29,35.17,34.68
franciscop-a1-nsb,spa,spa,CHI,1;4.0,male,NSB,.,.,Target_Child,.,.,.,.,.,.,.,.,.
franciscop-a1-nsb,spa,spa,FAT,23;0.0,male,NSB,.,.,Father,.,.,77,349,0.221,22.17,21.91,22.24,22.11
pooled,.,.,*SIL:,.,.,.,.,.,.,.,.,.,.,.,.,.,.,
gael-a1-nsb,spa,audio1_NSB,CHI,1;4.0,male,.,.,.,Target_Child,.,.,.,.,.,.,.,.,.
gael-a1-nsb,spa,audio1_NSB,MOT,.,female,.,.,.,Mother,.,.,93,362,0.257,28.76,29.05,29.29,29.03
gael-a1-nsb,spa,audio1_NSB,MUJ,.,female,.,.,.,Adult,.,.,84,237,0.354,37.93,37.52,36.68,37.38
gael-a1-nsb,spa,audio1_NSB,HOM,.,male,.,.,.,Adult,.,.,.,.,.,.,.,.,.
gael-a1-nsb,spa,audio1_NSB,NIN,5;,male,.,.,.,Child,.,.,43,89,0.483,24.56,24.58,24.37,24.5
pooled,.,.,*SIL:,.,.,.,.,.,.,.,.,.,.,.,.,.,.,
hannam-a1-nsb,spa,change_corpus_later,AGU,.,male,.,.,.,Teenager,.,.,.,.,.,.,.,.,.
hannam-a1-nsb,spa,change_corpus_later,MEN,.,male,.,.,.,Male,.,.,.,.,.,.,.,.,.
hannam-a1-nsb,spa,change_corpus_later,ANA,.,female,.,.,.,Aunt,.,.,.,.,.,.,.,.,.
hannam-a1-nsb,spa,change_corpus_later,NEL,.,female,.,.,.,Aunt,.,.,.,.,.,.,.,.,.
hannam-a1-nsb,spa,change_corpus_later,LUL,.,female,.,.,.,Aunt,.,.,77,185,0.416,38.96,38.53,38.53,38.67
hannam-a1-nsb,spa,change_corpus_later,OB1,.,female,.,.,.,Observer,.,.,.,.,.,.,.,.,.
hannam-a1-nsb,spa,change_corpus_later,OBS,.,female,.,.,.,Observer,.,.,.,.,.,.,.,.,.
hannam-a1-nsb,spa,change_corpus_later,WOM,.,.,.,.,.,Female,.,.,.,.,.,.,.,.,.
hannam-a1-nsb,spa,change_corpus_later,CHI,.,female,NSB,.,.,Target_Child,.,.,.,.,.,.,.,.,.
hannam-a1-nsb,spa,change_corpus_later,MAM,.,female,.,.,.,Mother,.,.,82,199,0.412,35.7,35.62,35.21,35.51
hannam-a1-nsb,spa,change_corpus_later,WO1,.,.,.,.,.,Aunt,.,.,.,.,.,.,.,.,.
hannam-a1-nsb,spa,change_corpus_later,WO2,.,.,.,.,.,Aunt,.,.,.,.,.,.,.,.,.
hannam-a1-nsb,spa,change_corpus_later,CH1,.,male,.,.,.,Cousin,.,.,41,72,0.569,31.68,31.81,31.72,31.74
hannam-a1-nsb,spa,change_corpus_later,SIS,.,female,.,.,.,Sister,.,.,.,.,.,.,.,.,.
hannam-a1-nsb,spa,change_corpus_later,GRA,.,female,.,.,.,Grandmother,.,.,46,97,0.474,25.89,25.47,25.62,25.66
hannam-a1-nsb,spa,change_corpus_later,GRF,.,male,.,.,.,Grandfather,.,.,39,59,0.661,38.62,38.95,39.05,38.88
hannam-a1-nsb,spa,change_corpus_later,CH2,.,female,.,.,.,Cousin,.,.,62,141,0.44,31.62,31.66,31.86,31.72
hannam-a1-nsb,spa,change_corpus_later,SAN,.,male,.,.,.,Cousin,.,.,.,.,.,.,.,.,.
hannam-a1-nsb,spa,change_corpus_later,WO3,.,.,.,.,.,Aunt,.,.,37,67,0.552,27.14,26.98,27.26,27.13
hannam-a1-nsb,spa,change_corpus_later,WO4,.,.,.,.,.,Aunt,.,.,.,.,.,.,.,.,.
hannam-a1-nsb,spa,change_corpus_later,ME1,.,male,.,.,.,Uncle,.,.,.,.,.,.,.,.,.
hannam-a1-nsb,spa,change_corpus_later,CH4,.,male,.,.,.,Cousin,.,.,.,.,.,.,.,.,.
hannam-a1-nsb,spa,change_corpus_later,CH5,.,female,.,.,.,Cousin,.,.,.,.,.,.,.,.,.
hannam-a1-nsb,spa,change_corpus_later,WO6,.,.,.,.,.,Aunt,.,.,.,.,.,.,.,.,.
hannam-a1-nsb,spa,change_corpus_later,CH6,.,female,.,.,.,Cousin,.,.,.,.,.,.,.,.,.
hannam-a1-nsb,spa,change_corpus_later,WO5,.,.,.,.,.,Female,.,.,.,.,.,.,.,.,.
hannam-a1-nsb,spa,change_corpus_later,OB3,.,male,.,.,.,Observer,.,.,.,.,.,.,.,.,.
helenitab-a1-nsm,spa,esp,CHI,1;8.,female,NSM,.,.,Target_Child,.,.,.,.,.,.,.,.,.
helenitab-a1-nsm,spa,esp,MOT,.,female,NSM,.,.,Mother,.,.,381,3480,0.109,54.52,54.57,55.53,54.87
helenitab-a1-nsm,spa,esp,POR,.,male,.,.,.,Adult,.,.,.,.,.,.,.,.,.
juanpablos-a1-nsm,spa,change_corpus_later,MOT,.,female,NSM,.,.,Mother,.,.,147,718,0.205,37.39,37.39,37.38,37.38
juanpablos-a1-nsm,spa,change_corpus_later,CHI,0;11.,male,NSM,.,.,Target_Child,.,.,.,.,.,.,.,.,.
juanpablos-a1-nsm,spa,change_corpus_later,FEL,2;1.,male,NSM,.,.,Brother,.,.,.,.,.,.,.,.,.
juliaa-a1-nsm,spa,esp,MU1,.,female,NSM,.,.,Female,.,.,.,.,.,.,.,.,.
juliaa-a1-nsm,spa,esp,MOT,.,female,NSM,.,.,Mother,.,.,.,.,.,.,.,.,.
juliaa-a1-nsm,spa,esp,MIR,.,female,NSM,.,.,Family_Friend,.,.,51,180,0.283,18.86,18.61,18.69,18.72
juliaa-a1-nsm,spa,esp,JUA,5;0.0,male,NSM,.,.,Child,.,.,.,.,.,.,.,.,.
juliaa-a1-nsm,spa,esp,LIS,5;0.0,male,NSM,.,.,Brother,.,.,.,.,.,.,.,.,.
juliaa-a1-nsm,spa,esp,CHI,0;9.0,female,NSM,.,.,Target_Child,.,.,.,.,.,.,.,.,.
pooled,.,.,*JUS:,.,.,.,.,.,.,.,.,.,.,.,.,.,.,
julietap-a1-nsm,spa,esp,CHI,1;2.,female,NSM,.,.,Target_Child,.,.,.,.,.,.,.,.,.
julietap-a1-nsm,spa,esp,FAT,.,male,NSM,.,.,Father,.,.,53,97,0.546,34.74,34.54,33.76,34.35
julietap-a1-nsm,spa,esp,BSR,.,female,NSB,.,.,Babysitter,.,.,114,405,0.281,34.65,35.09,34.66,34.8
pooled,.,.,*SIL:,.,.,.,.,.,.,.,.,.,.,.,.,.,.,
lisandroh-a1-nsm,spa,change_corpus_later,LUC,17;5.5,female,.,.,.,Babysitter,college_student,.,179,864,0.207,44.47,44.18,44.29,44.31
lisandroh-a1-nsm,spa,change_corpus_later,CHI,0;8.20,male,.,.,.,Target_Child,.,.,.,.,.,.,.,.,.
lisandroh-a1-nsm,spa,change_corpus_later,MOT,36;8.0,female,.,.,.,Mother,Phd,.,325,2172,0.15,54.56,55.52,55.31,55.13
lucasyoelp-a1-nsb,spa,change_corpus_later,NI2,.,.,.,.,.,Child,.,.,.,.,.,.,.,.,.
lucasyoelp-a1-nsb,spa,change_corpus_later,NIN,.,.,.,.,.,Child,.,.,.,.,.,.,.,.,.
lucasyoelp-a1-nsb,spa,change_corpus_later,TOM,.,male,.,.,.,Brother,.,.,40,65,0.615,38.37,38.44,38.14,38.32
lucasyoelp-a1-nsb,spa,esp,CHI,2;5.,male,NSB,.,.,Target_Child,.,.,.,.,.,.,.,.,.
lucasyoelp-a1-nsb,spa,esp,MOT,.,female,NSB,.,.,Mother,.,.,171,564,0.303,62.43,60.17,61.31,61.3
lucasyoelp-a1-nsb,spa,esp,NID,.,.,.,.,.,Child,.,.,.,.,.,.,.,.,.
lucasyoelp-a1-nsb,spa,esp,MUJ,.,female,.,.,.,Adult,.,.,.,.,.,.,.,.,.
lucasyoelp-a1-nsb,spa,esp,ANT,.,female,.,.,.,Child,.,.,.,.,.,.,.,.,.
lucasyoelp-a1-nsb,spa,esp,NAH,.,female,.,.,.,Child,.,.,.,.,.,.,.,.,.
lucasyoelp-a1-nsb,spa,esp,SIO,.,female,.,.,.,Sister,.,.,167,867,0.193,34.81,34.85,35.15,34.94
pooled,.,.,*NI1:,.,.,.,.,.,.,.,.,.,.,.,.,.,.,
pooled,.,.,*MU2:,.,.,.,.,.,.,.,.,.,.,.,.,.,.,
pooled,.,.,*MU3:,.,.,.,.,.,.,.,.,.,.,.,.,.,.,
pooled,.,.,*MU4:,.,.,.,.,.,.,.,.,.,.,.,.,.,.,
pooled,.,.,*MU5:,.,.,.,.,.,.,.,.,.,.,.,.,.,.,
pooled,.,.,*SIL:,.,.,.,.,.,.,.,.,.,.,.,.,.,.,
lucianal-a1-nsb,spa,change_corpus_later,MU2,.,female,.,.,.,Female,.,.,44,68,0.647,45.74,45.5,45.23,45.49
lucianal-a1-nsb,spa,change_corpus_later,NI3,.,.,.,.,.,Child,.,.,.,.,.,.,.,.,.
lucianal-a1-nsb,spa,change_corpus_later,HOM,.,male,.,.,.,Male,.,.,.,.,.,.,.,.,.
lucianal-a1-nsb,spa,change_corpus_later,MU1,.,female,.,.,.,Female,.,.,.,.,.,.,.,.,.
lucianal-a1-nsb,spa,change_corpus_later,NI1,.,male,.,.,.,Child,.,.,.,.,.,.,.,.,.
lucianal-a1-nsb,spa,change_corpus_later,NIN,.,.,.,.,.,Child,.,.,.,.,.,.,.,.,.
lucianal-a1-nsb,spa,change_corpus_later,MUJ,.,female,.,.,.,Female,.,.,80,189,0.423,40.26,41.37,40.09,40.58
lucianal-a1-nsb,spa,change_corpus_later,FAT,.,male,.,.,.,Father,.,.,60,147,0.408,26.22,26.26,26.31,26.26
lucianal-a1-nsb,spa,change_corpus_later,ABU,.,female,.,.,.,Grandmother,.,.,.,.,.,.,.,.,.
lucianal-a1-nsb,spa,change_corpus_later,ABO,.,male,.,.,.,Grandfather,.,.,.,.,.,.,.,.,.
lucianal-a1-nsb,spa,change_corpus_later,MOT,.,female,.,.,.,Mother,.,.,29,51,0.569,20.69,20.66,20.8,20.71
lucianal-a1-nsb,spa,Luciana,CHI,1;6.,female,.,.,.,Target_Child,.,.,.,.,.,.,.,.,.
lucior-a1-nsm,spa,esp,CHI,1;7.,male,NSM,.,.,Target_Child,middle,.,.,.,.,.,.,.,.
lucior-a1-nsm,spa,esp,MOT,.,female,NSM,.,.,Mother,.,.,474,4271,0.111,56.11,56.91,56.69,56.57
lucior-a1-nsm,spa,esp,BRO,5;0.,male,NSM,.,.,Brother,.,.,.,.,.,.,.,.,.
lucior-a1-nsm,spa,esp,MAL,.,female,NSB,.,.,Housekeeper,.,.,70,175,0.4,41.92,42.47,42.29,42.22
lucior-a1-nsm,spa,esp,FAT,.,male,NSM,.,.,Father,.,.,68,127,0.535,48.81,49.8,50.55,49.72
maileno-a1-nsb,spa,Mailén,CHI,1;02.,female,.,.,.,Target_Child,.,.,.,.,.,.,.,.,.
maileno-a1-nsb,spa,Mailén,GMA,.,female,.,.,.,Grandmother,.,.,139,452,0.308,43.58,44.38,43.74,43.9
maileno-a1-nsb,spa,Mailén,UNC,.,male,.,.,.,Uncle,.,.,41,71,0.577,33.46,33.51,34.08,33.69
maileno-a1-nsb,spa,Mailén,BOY,.,male,.,.,.,Child,.,.,.,.,.,.,.,.,.
maileno-a1-nsb,spa,Mailén,MOT,.,female,NSB,.,.,Mother,.,.,139,631,0.22,33.47,33.74,33.69,33.64
maileno-a1-nsb,spa,Mailén,FAT,.,male,.,.,.,Father,.,.,54,112,0.482,36.58,36.69,36.47,36.58
maileno-a1-nsb,spa,Mailén,WOM,.,female,.,.,.,Female,.,.,70,160,0.438,34.79,34.19,34.7,34.56
maileno-a1-nsb,spa,Mailén,WO1,.,female,.,.,.,Female,.,.,.,.,.,.,.,.,.
maileno-a1-nsb,spa,Mailén,WO2,.,female,.,.,.,Female,.,.,.,.,.,.,.,.,.
maileno-a1-nsb,spa,Mailén,NOE,.,female,.,.,.,Female,.,.,.,.,.,.,.,.,.
maileno-a1-nsb,spa,Mailén,SAN,.,male,.,.,.,Child,.,.,.,.,.,.,.,.,.
manuelc-a1-nsm,spa,esp,CHI,1;3.,male,NSM,.,.,Target_Child,.,.,.,.,.,.,.,.,.
manuelc-a1-nsm,spa,esp,MOT,.,female,NSM,.,.,Mother,.,.,153,467,0.328,47.65,46.72,46.92,47.1
manuelc-a1-nsm,spa,esp,BRO,4;,male,NSM,.,.,Brother,.,.,.,.,.,.,.,.,.
manuelc-a1-nsm,spa,esp,GAB,.,female,NSM,.,.,Adult,.,.,125,446,0.28,35.33,34.6,34.76,34.9
nicolasb-a1-nsm,spa,change_corpus_later,MU2,.,female,.,.,.,Female,.,.,.,.,.,.,.,.,.
nicolasb-a1-nsm,spa,change_corpus_later,MUJ,.,female,.,.,.,Female,.,.,.,.,.,.,.,.,.
nicolasb-a1-nsm,spa,change_corpus_later,MOT,.,female,.,.,.,Mother,.,.,135,448,0.301,42.87,42.62,42.73,42.74
nicolasb-a1-nsm,spa,change_corpus_later,CHI,0;09.00,male,NSM,.,.,Child,.,.,.,.,.,.,.,.,.
nicolask-a1-nsm,spa,change_corpus_later,EE1,.,.,.,.,.,Media,.,.,.,.,.,.,.,.,.
nicolask-a1-nsm,spa,change_corpus_later,MUJ,.,female,.,.,.,Female,.,.,.,.,.,.,.,.,.
nicolask-a1-nsm,spa,change_corpus_later,HOM,.,male,.,.,.,Male,.,.,.,.,.,.,.,.,.
nicolask-a1-nsm,spa,change_corpus_later,MOT,.,female,.,.,.,Mother,.,.,193,806,0.239,58.32,58.16,58.51,58.33
nicolask-a1-nsm,spa,change_corpus_later,FAT,.,male,.,.,.,Father,.,.,82,290,0.283,32.32,31.95,32.29,32.18
nicolask-a1-nsm,spa,change_corpus_later,CHI,0;7.,male,.,.,.,Target_Child,.,.,.,.,.,.,.,.,.
oliviaa-a1-nsm,spa,change_corpus_later,MU7,.,female,.,.,.,Female,.,.,.,.,.,.,.,.,.
oliviaa-a1-nsm,spa,change_corpus_later,MU6,.,female,.,.,.,Female,.,.,.,.,.,.,.,.,.
oliviaa-a1-nsm,spa,change_corpus_later,FAT,.,male,.,.,.,Father,.,.,.,.,.,.,.,.,.
oliviaa-a1-nsm,spa,change_corpus_later,MA2,.,female,.,.,.,Teacher,.,.,.,.,.,.,.,.,.
oliviaa-a1-nsm,spa,change_corpus_later,MU4,.,female,.,.,.,Female,.,.,.,.,.,.,.,.,.
oliviaa-a1-nsm,spa,change_corpus_later,MU5,.,female,.,.,.,Female,.,.,.,.,.,.,.,.,.
oliviaa-a1-nsm,spa,change_corpus_later,NIN,.,.,.,.,.,Child,.,.,.,.,.,.,.,.,.
oliviaa-a1-nsm,spa,change_corpus_later,MA1,.,female,.,.,.,Teacher,.,.,.,.,.,.,.,.,.
oliviaa-a1-nsm,spa,change_corpus_later,MAE,.,female,.,.,.,Teacher,.,.,.,.,.,.,.,.,.
oliviaa-a1-nsm,spa,change_corpus_later,MU3,.,female,.,.,.,Female,.,.,.,.,.,.,.,.,.
oliviaa-a1-nsm,spa,change_corpus_later,MU2,.,female,.,.,.,Female,.,.,.,.,.,.,.,.,.
oliviaa-a1-nsm,spa,change_corpus_later,MU1,.,female,.,.,.,Female,.,.,.,.,.,.,.,.,.
oliviaa-a1-nsm,spa,change_corpus_later,MUJ,.,female,.,.,.,Female,.,.,.,.,.,.,.,.,.
oliviaa-a1-nsm,spa,change_corpus_later,BRO,.,male,.,.,.,Brother,.,.,58,151,0.384,26.94,27.11,26.95,27
oliviaa-a1-nsm,spa,change_corpus_later,MOT,.,female,.,.,.,Mother,.,.,362,1901,0.19,65.53,66.44,66.68,66.22
oliviaa-a1-nsm,spa,change_corpus_later,CHI,1;01.00,female,NSM,.,.,Target_Child,.,.,.,.,.,.,.,.,.
pedrov-a1-nsm,spa,change_corpus_later,CHI,1;4.,male,.,.,.,Target_Child,.,.,.,.,.,.,.,.,.
pedrov-a1-nsm,spa,pedro,WO4,.,female,.,.,.,Female,.,.,.,.,.,.,.,.,.
pedrov-a1-nsm,spa,pedro,GMA,.,female,.,.,.,Grandmother,.,.,243,1614,0.151,55.32,53.63,55.09,54.68
pedrov-a1-nsm,spa,pedro,GPA,.,male,.,.,.,Grandfather,.,.,49,81,0.605,41.2,41.53,41.4,41.38
pedrov-a1-nsm,spa,pedro,WO3,.,female,.,.,.,Female,.,.,.,.,.,.,.,.,.
pedrov-a1-nsm,spa,pedro,MOT,.,female,NSM,.,.,Mother,.,.,140,479,0.292,50.68,51.26,52.08,51.34
pedrov-a1-nsm,spa,pedro,WOM,.,female,.,.,.,Female,.,.,.,.,.,.,.,.,.
pedrov-a1-nsm,spa,pedro,MA1,.,male,.,.,.,Male,.,.,.,.,.,.,.,.,.
pedrov-a1-nsm,spa,pedro,NIN,.,female,.,.,.,Child,.,.,.,.,.,.,.,.,.
pedrov-a1-nsm,spa,pedro,WO1,.,female,.,.,.,Female,.,.,.,.,.,.,.,.,.
pedrov-a1-nsm,spa,pedro,WO2,.,female,.,.,.,Female,.,.,.,.,.,.,.,.,.
pedrov-a1-nsm,spa,pedro,WO5,.,female,.,.,.,Female,.,.,.,.,.,.,.,.,.
pooled,.,.,*MA2:,.,.,.,.,.,.,.,.,.,.,.,.,.,.,
santinol-a1-nsb,spa,change_corpus_later,MA1,.,male,.,.,.,Male,.,.,.,.,.,.,.,.,.
santinol-a1-nsb,spa,change_corpus_later,WO4,.,female,.,.,.,Female,.,.,.,.,.,.,.,.,.
santinol-a1-nsb,spa,change_corpus_later,CHI,1;6.,male,.,.,.,Target_Child,.,.,.,.,.,.,.,.,.
santinol-a1-nsb,spa,change_corpus_later,MOT,.,female,.,.,.,Mother,.,.,101,359,0.281,34.5,34.07,34.36,34.31
santinol-a1-nsb,spa,change_corpus_later,GRA,.,male,.,.,.,Grandfather,.,.,.,.,.,.,.,.,.
santinol-a1-nsb,spa,change_corpus_later,FAT,.,male,.,.,.,Father,.,.,.,.,.,.,.,.,.
santinol-a1-nsb,spa,change_corpus_later,CH1,.,.,.,.,.,Child,.,.,.,.,.,.,.,.,.
santinol-a1-nsb,spa,change_corpus_later,INV,.,female,.,.,.,Female,.,.,.,.,.,.,.,.,.
santinol-a1-nsb,spa,change_corpus_later,CH2,.,.,.,.,.,Child,.,.,.,.,.,.,.,.,.
santinol-a1-nsb,spa,change_corpus_later,CH3,.,.,.,.,.,Child,.,.,.,.,.,.,.,.,.
santinol-a1-nsb,spa,change_corpus_later,CH4,.,.,.,.,.,Child,.,.,.,.,.,.,.,.,.
santinol-a1-nsb,spa,change_corpus_later,CH5,.,.,.,.,.,Child,.,.,.,.,.,.,.,.,.
santinol-a1-nsb,spa,change_corpus_later,CH6,.,.,.,.,.,Child,.,.,35,60,0.583,24.88,24.62,24.82,24.77
santinol-a1-nsb,spa,change_corpus_later,CH7,.,.,.,.,.,Child,.,.,.,.,.,.,.,.,.
santinol-a1-nsb,spa,change_corpus_later,CH8,.,.,.,.,.,Child,.,.,.,.,.,.,.,.,.
santinol-a1-nsb,spa,change_corpus_later,WOM,.,female,.,.,.,Female,.,.,.,.,.,.,.,.,.
santinol-a1-nsb,spa,change_corpus_later,WO1,.,female,.,.,.,Female,.,.,.,.,.,.,.,.,.
santinol-a1-nsb,spa,change_corpus_later,WO2,.,female,.,.,.,Female,.,.,.,.,.,.,.,.,.
santinol-a1-nsb,spa,change_corpus_later,WO3,.,female,.,.,.,Female,.,.,.,.,.,.,.,.,.
santinol-a1-nsb,spa,change_corpus_later,MAN,.,male,.,.,.,Male,.,.,.,.,.,.,.,.,.
santinol-a1-nsb,spa,change_corpus_later,INV1,.,female,.,.,.,Female,.,.,.,.,.,.,.,.,.
santinol-a1-nsb,spa,change_corpus_later,INV2,.,female,.,.,.,Female,.,.,.,.,.,.,.,.,.
santinol-a1-nsb,spa,change_corpus_later,INV3,.,female,.,.,.,Female,.,.,.,.,.,.,.,.,.
ummae-a1-nsb,spa,change_corpus_later,NI2,.,.,.,.,.,Child,.,.,.,.,.,.,.,.,.
ummae-a1-nsb,spa,change_corpus_later,NI3,.,.,.,.,.,Child,.,.,.,.,.,.,.,.,.
ummae-a1-nsb,spa,change_corpus_later,OBS,.,.,.,.,.,Investigator,.,.,.,.,.,.,.,.,.
ummae-a1-nsb,spa,change_corpus_later,GLA,.,female,.,.,.,Investigator,.,.,.,.,.,.,.,.,.
ummae-a1-nsb,spa,change_corpus_later,NIN,.,.,.,.,.,Child,.,.,.,.,.,.,.,.,.
ummae-a1-nsb,spa,change_corpus_later,MU3,.,female,.,.,.,Female,.,.,.,.,.,.,.,.,.
ummae-a1-nsb,spa,change_corpus_later,MU2,.,female,.,.,.,Female,.,.,.,.,.,.,.,.,.
ummae-a1-nsb,spa,change_corpus_later,HOM,.,male,.,.,.,Male,.,.,.,.,.,.,.,.,.
ummae-a1-nsb,spa,change_corpus_later,MUJ,.,female,.,.,.,Female,.,.,.,.,.,.,.,.,.
ummae-a1-nsb,spa,change_corpus_later,MU1,.,female,.,.,.,Female,.,.,.,.,.,.,.,.,.
ummae-a1-nsb,spa,change_corpus_later,MOT,.,female,.,.,.,Mother,.,.,34,63,0.54,23.37,23.75,23.48,23.53
ummae-a1-nsb,spa,change_corpus_later,ABA,.,female,.,.,.,Grandmother,.,.,33,58,0.569,19.94,19.7,20.05,19.9
ummae-a1-nsb,spa,change_corpus_later,ABO,.,.,.,.,.,Grandfather,.,.,.,.,.,.,.,.,.
ummae-a1-nsb,spa,change_corpus_later,CHI,0;09.00,female,NSB,.,.,Target_Child,.,.,.,.,.,.,.,.,.
ummae-a1-nsb,spa,change_corpus_later,ABU,.,male,.,.,.,Grandfather,.,.,28,62,0.452,13.09,13.01,12.94,13.01
ummae-a1-nsb,spa,change_corpus_later,NEL,.,female,.,.,.,Relative,.,.,.,.,.,.,.,.,.
ummaq-a1-nsb,spa,esp,CHI,.,female,NSB,.,.,Target_Child,.,.,.,.,.,.,.,.,.
ummaq-a1-nsb,spa,esp,MOT,.,female,NSB,.,.,Mother,.,.,49,98,0.5,27.21,26.7,27.18,27.03
ummaq-a1-nsb,spa,esp,NIN,.,female,NSB,.,.,Child,.,.,36,78,0.462,16.03,16.11,16.13,16.09
ummaq-a1-nsb,spa,esp,BEB,.,.,NSB,.,.,Child,.,.,.,.,.,.,.,.,.
ummaq-a1-nsb,spa,esp,MUJ,.,female,NSB,.,.,Adult,.,.,60,147,0.408,24.21,24.39,24.65,24.41
ummaq-a1-nsb,spa,esp,MU2,.,female,NSB,.,.,Adult,.,.,.,.,.,.,.,.,.
ummaq-a1-nsb,spa,esp,MU3,.,female,NSB,.,.,Adult,.,.,.,.,.,.,.,.,.
pooled,.,.,*SIL:,.,.,.,.,.,.,.,.,.,.,.,.,.,.,
valentinos-a1-nsb,spa,esp,CHI,2;,male,NSB,.,.,Target_Child,.,.,.,.,.,.,.,.,.
valentinos-a1-nsb,spa,esp,PRI,.,.,.,.,.,Cousin,.,.,.,.,.,.,.,.,.
valentinos-a1-nsb,spa,esp,TIA,.,.,.,.,.,Aunt,.,.,49,131,0.374,25.46,25.49,25.37,25.44
valentinos-a1-nsb,spa,esp,NEN,.,.,.,.,.,Boy,.,.,.,.,.,.,.,.,.
valentinos-a1-nsb,spa,esp,MOT,.,female,NSB,.,.,Mother,.,.,89,399,0.223,33.03,33.02,32.63,32.9
valentinos-a1-nsb,spa,esp,BRO,8;,male,NSB,.,.,Brother,.,.,45,138,0.326,13.06,13.25,13.25,13.18
valentinos-a1-nsb,spa,esp,SIS,15;,female,NSB,.,.,Sister,.,.,.,.,.,.,.,.,.
verag-a1-nsm,spa,vera,CHI,1;4.,female,.,.,.,Target_Child,.,.,.,.,.,.,.,.,.
verag-a1-nsm,spa,lucio,MOT,.,female,.,.,.,Mother,universitaria,.,339,2162,0.157,54.14,54.43,54.07,54.21
pooled,.,.,*SIL:,.,.,.,.,.,.,.,.,.,.,.,.,.,.,
zoer-a1-nsb,spa,esp,CHI,.,female,NSB,.,.,Target_Child,.,.,.,.,.,.,.,.,.
zoer-a1-nsb,spa,esp,MOT,.,female,NSB,.,.,Mother,.,.,132,535,0.247,43.43,43.42,43.59,43.48
zoer-a1-nsb,spa,esp,FAT,.,male,NSB,.,.,Father,.,.,46,73,0.63,36.21,36.93,36.75,36.63
zoer-a1-nsb,spa,esp,VE1,.,female,NSB,.,.,Adult,.,.,.,.,.,.,.,.,.
zoer-a1-nsb,spa,esp,GMA,.,female,NSB,.,.,Grandmother,.,.,48,107,0.449,22.87,22.95,23.04,22.95
zoer-a1-nsb,spa,esp,GPA,.,male,NSB,.,.,Grandfather,.,.,46,75,0.613,38.8,38.96,39.73,39.17
zoer-a1-nsb,spa,esp,UN1,.,male,NSB,.,.,Uncle,.,.,.,.,.,.,.,.,.
zoer-a1-nsb,spa,esp,UN2,2;0.0,female,NSB,.,.,Uncle,.,.,.,.,.,.,.,.,.
zoer-a1-nsb,spa,esp,ADU,.,.,NSB,.,.,Adult,.,.,.,.,.,.,.,.,.
zoer-a1-nsb,spa,esp,ANT,9;0.0,female,NSB,.,.,Aunt,.,.,37,62,0.597,26.69,26.81,26.87,26.79
zoer-a1-nsb,spa,esp,HM1,.,.,NSB,.,.,Unidentified,.,.,.,.,.,.,.,.,.
zoer-a1-nsb,spa,esp,NIH,.,.,NSB,.,.,Unidentified,.,.,.,.,.,.,.,.,.
pooled,.,.,*SIL:,.,.,.,.,.,.,.,.,.,.,.,.,.,.,
